Workbook

Sheet Configuración
A1: Parámetro | B1: Valor | D1: Estados
A2: Semana actual | B2: 8 | D2: No iniciado
A3: Proyecto | B3: TEAprendo | D3: En desarrollo
D4: En pruebas
D5: Terminado
D6: Bloqueado

Sheet Iteraciones
A1: Iteración | B1: Nombre | C1: Semana inicio | D1: Semana fin | E1: Objetivo/entregable | F1: Responsable | G1: Estado planificado | H1: % planificado | I1: Estado real | J1: % real
A2: I0 | B2: Definición y diseño | C2: 1 | D2: 5 | E2: Alcance, requisitos, casos de uso, arquitectura, modelo de datos y prototipos | F2: Equipo | G2: =IF(Config!$B$2<C2,"Pendiente",IF(Config!$B$2>D2,"Completado","En curso")) -> Completado | H2: =MAX(0,MIN(1,(Config!$B$2-C2+1)/(D2-C2+1))) -> 1 | I2: Terminado | J2: 1
A3: I1 | B3: Base técnica y autenticación | C3: 6 | D3: 7 | E3: PostgreSQL base, backend, usuarios, login y roles | F3: Daniel / Jorge | G3: =IF(Config!$B$2<C3,"Pendiente",IF(Config!$B$2>D3,"Completado","En curso")) -> Completado | H3: =MAX(0,MIN(1,(Config!$B$2-C3+1)/(D3-C3+1))) -> 1 | I3: Terminado | J3: 1
A4: I2 | B4: Estudiantes y cursos | C4: 7 | D4: 8 | E4: CRUD de estudiantes, cursos, perfil y relaciones | F4: Jorge / Daniel | G4: =IF(Config!$B$2<C4,"Pendiente",IF(Config!$B$2>D4,"Completado","En curso")) -> En curso | H4: =MAX(0,MIN(1,(Config!$B$2-C4+1)/(D4-C4+1))) -> 1 | I4: Terminado | J4: 1
A5: I3 | B5: Agenda y notificaciones | C5: 8 | D5: 9 | E5: Agenda, solicitud/gestión de citas y notificaciones | F5: Jorge / Gloria | G5: =IF(Config!$B$2<C5,"Pendiente",IF(Config!$B$2>D5,"Completado","En curso")) -> En curso | H5: =MAX(0,MIN(1,(Config!$B$2-C5+1)/(D5-C5+1))) -> 0.5 | I5: En desarrollo | J5: 0
A6: I4 | B6: Seguimiento conductual | C6: 8 | D6: 10 | E6: Observaciones, estrategias, resultados e historial | F6: Daniel / Jorge | G6: =IF(Config!$B$2<C6,"Pendiente",IF(Config!$B$2>D6,"Completado","En curso")) -> En curso | H6: =MAX(0,MIN(1,(Config!$B$2-C6+1)/(D6-C6+1))) -> 0.33333333 | I6: En desarrollo | J6: 0
A7: I5 | B7: Dashboard y análisis | C7: 9 | D7: 11 | E7: Indicadores, consultas analíticas y detección de patrones | F7: Daniel / Gloria | G7: =IF(Config!$B$2<C7,"Pendiente",IF(Config!$B$2>D7,"Completado","En curso")) -> Pendiente | H7: =MAX(0,MIN(1,(Config!$B$2-C7+1)/(D7-C7+1))) -> 0 | I7: Por actualizar | J7: 0
A8: I6 | B8: Chatbot e IA | C8: 10 | D8: 12 | E8: Modelo local, orquestación, sugerencias y feedback | F8: Daniel / Equipo | G8: =IF(Config!$B$2<C8,"Pendiente",IF(Config!$B$2>D8,"Completado","En curso")) -> Pendiente | H8: 0.8 | I8: En desarrollo | J8: 0.1
A9: I7 | B9: Integración e informes | C9: 11 | D9: 13 | E9: Integración general y generación de informes | F9: Equipo | G9: =IF(Config!$B$2<C9,"Pendiente",IF(Config!$B$2>D9,"Completado","En curso")) -> Pendiente | H9: =MAX(0,MIN(1,(Config!$B$2-C9+1)/(D9-C9+1))) -> 0 | I9: Por actualizar | J9: 0
A10: I8 | B10: Pruebas y estabilización | C10: 12 | D10: 15 | E10: Pruebas funcionales/integración/seguridad y corrección | F10: Equipo | G10: =IF(Config!$B$2<C10,"Pendiente",IF(Config!$B$2>D10,"Completado","En curso")) -> Pendiente | H10: =MAX(0,MIN(1,(Config!$B$2-C10+1)/(D10-C10+1))) -> 0 | I10: Por actualizar | J10: 0
A11: I9 | B11: Cierre y defensa | C11: 13 | D11: 16 | E11: Documentación, evidencias, presentación y defensa | F11: Equipo | G11: =IF(Config!$B$2<C11,"Pendiente",IF(Config!$B$2>D11,"Completado","En curso")) -> Pendiente | H11: =MAX(0,MIN(1,(Config!$B$2-C11+1)/(D11-C11+1))) -> 0 | I11: Por actualizar | J11: 0

Sheet Requerimientos
A1: R-N° | B1: Nombre del requerimiento | C1: Tipo | D1: Actor relacionado | E1: Iteración | F1: S. inicio | G1: S. fin | H1: Vista / pantalla | I1: Botones / acciones | J1: Endpoint(s) esperado(s) | K1: Objeto(s) BD | L1: Criterio de aceptación | M1: Estado planificado | N1: Estado real | O1: % real | P1: Evidencia / link
A2: R.1 | B2: Registro de usuarios | C2: Funcional | D2: Administrador | E2: I1 | F2: 6 | G2: 7 | H2: Administrador > Usuarios / Formulario usuario | I2: Nuevo usuario; Guardar; Cancelar; Editar; Desactivar | J2: POST /usuarios; GET /usuarios; PUT /usuarios/:id | K2: usuario, rol, usuario_rol | L2: Crear usuarios con datos mínimos, rol y estado; validar correo único. | M2: =IF(Config!$B$2<F2,"Pendiente",IF(Config!$B$2>G2,"Debería estar terminado","En desarrollo según plan")) -> Debería estar terminado | N2: Terminado | O2: 1
A3: R.2 | B3: Inicio de sesión | C3: Funcional | D3: Todos | E3: I1 | F3: 6 | G3: 7 | H3: Login | I3: Iniciar sesión; Recuperar contraseña (si se incluye) | J3: POST /auth/login; POST /auth/refresh | K3: usuario, sesion/token | L3: Credenciales válidas permiten acceso; inválidas muestran mensaje y no generan sesión. | M3: =IF(Config!$B$2<F3,"Pendiente",IF(Config!$B$2>G3,"Debería estar terminado","En desarrollo según plan")) -> Debería estar terminado | N3: Terminado | O3: 1
A4: R.3 | B4: Gestión de roles | C4: Funcional | D4: Administrador | E4: I1 | F4: 6 | G4: 7 | H4: Administrador > Roles / Menú por rol | I4: Asignar rol; Cambiar rol | J4: GET /roles; PUT /usuarios/:id/rol | K4: rol, usuario_rol | L4: Cada rol ve solo módulos autorizados; cambios se reflejan al iniciar nueva sesión. | M4: =IF(Config!$B$2<F4,"Pendiente",IF(Config!$B$2>G4,"Debería estar terminado","En desarrollo según plan")) -> Debería estar terminado | N4: Terminado | O4: 1
A5: R.4 | B5: Gestión de estudiantes | C5: Funcional | D5: Administrador | E5: I2 | F5: 7 | G5: 8 | H5: Administrador > Estudiantes / Lista / Detalle / Formulario | I5: Nuevo; Ver; Editar; Eliminar/Desactivar; Guardar | J5: POST /estudiantes; GET /estudiantes; GET /estudiantes/:id; PUT /estudiantes/:id | K5: estudiante | L5: Registrar, consultar y actualizar estudiantes con validaciones obligatorias. | M5: =IF(Config!$B$2<F5,"Pendiente",IF(Config!$B$2>G5,"Debería estar terminado","En desarrollo según plan")) -> En desarrollo según plan | N5: Terminado | O5: 1
A6: R.5 | B6: Gestión de cursos | C6: Funcional | D6: Administrador | E6: I2 | F6: 7 | G6: 8 | H6: Administrador > Cursos / Detalle curso | I6: Crear curso; Editar; Asignar estudiante; Quitar estudiante | J6: POST /cursos; GET /cursos; PUT /cursos/:id; POST /cursos/:id/estudiantes | K6: curso, curso_estudiante | L6: Crear cursos y administrar estudiantes asociados sin duplicados. | M6: =IF(Config!$B$2<F6,"Pendiente",IF(Config!$B$2>G6,"Debería estar terminado","En desarrollo según plan")) -> En desarrollo según plan | N6: Terminado | O6: 1
A7: R.6 | B7: Consulta de perfil del estudiante | C7: Funcional | D7: Docente, Apoderado | E7: I2 | F7: 7 | G7: 8 | H7: Perfil estudiante | I7: Ver historial; Ver curso; Ver responsables | J7: GET /estudiantes/:id/perfil | K7: estudiante, curso_estudiante, relaciones_responsables | L7: Solo usuarios autorizados consultan información permitida del estudiante. | M7: =IF(Config!$B$2<F7,"Pendiente",IF(Config!$B$2>G7,"Debería estar terminado","En desarrollo según plan")) -> En desarrollo según plan | N7: Terminado | O7: 1
A8: R.7 | B8: Agenda de actividades | C8: Funcional | D8: Docente, Apoderado | E8: I3 | F8: 8 | G8: 9 | H8: Agenda / Calendario | I8: Mes anterior; Mes siguiente; Ver actividad; Nueva actividad (según rol) | J8: GET /agenda; POST /actividades | K8: actividad, agenda | L8: Visualizar calendario por usuario/estudiante y detalle de actividades. | M8: =IF(Config!$B$2<F8,"Pendiente",IF(Config!$B$2>G8,"Debería estar terminado","En desarrollo según plan")) -> En desarrollo según plan | N8: Terminado | O8: 1
A9: R.8 | B9: Solicitud de citas | C9: Funcional | D9: Apoderado | E9: I3 | F9: 8 | G9: 9 | H9: Agenda > Solicitar cita | I9: Solicitar; Enviar; Cancelar | J9: POST /citas; GET /citas/mias; PUT /citas/:id/estado | K9: cita | L9: Solicitar cita con fecha, hora, profesional y motivo; controlar estados. | M9: =IF(Config!$B$2<F9,"Pendiente",IF(Config!$B$2>G9,"Debería estar terminado","En desarrollo según plan")) -> En desarrollo según plan | N9: En desarrollo | O9: 0.9
A10: R.9 | B10: Gestión de notificaciones | C10: Funcional | D10: Administrador | E10: I3 | F10: 8 | G10: 9 | H10: Administrador > Notificaciones | I10: Nueva; Enviar; Editar; Cancelar | J10: POST /notificaciones; GET /notificaciones; PUT /notificaciones/:id | K10: notificacion, destinatario_notificacion | L10: Crear notificaciones y seleccionar destinatarios válidos. | M10: =IF(Config!$B$2<F10,"Pendiente",IF(Config!$B$2>G10,"Debería estar terminado","En desarrollo según plan")) -> En desarrollo según plan | N10: En desarrollo | O10: 0.6
A11: R.10 | B11: Consulta de notificaciones | C11: Funcional | D11: Todos | E11: I3 | F11: 8 | G11: 9 | H11: Bandeja / Notificaciones | I11: Ver; Marcar como leída | J11: GET /notificaciones/mias; PUT /notificaciones/:id/leida | K11: notificacion, destinatario_notificacion | L11: Cada usuario visualiza solo sus notificaciones y estado de lectura. | M11: =IF(Config!$B$2<F11,"Pendiente",IF(Config!$B$2>G11,"Debería estar terminado","En desarrollo según plan")) -> En desarrollo según plan | N11: En desarrollo | O11: 0.2
A12: R.11 | B12: Registro de observaciones conductuales | C12: Funcional | D12: Docente / Profesional | E12: I4 | F12: 8 | G12: 9 | H12: Estudiante > Seguimiento > Nueva observación | I12: Guardar; Cancelar; Agregar estrategia | J12: POST /estudiantes/:id/observaciones; GET /estudiantes/:id/observaciones | K12: observacion_conductual, contexto | L12: Registrar fecha, contexto, conducta observable, intensidad, duración y descripción. | M12: =IF(Config!$B$2<F12,"Pendiente",IF(Config!$B$2>G12,"Debería estar terminado","En desarrollo según plan")) -> En desarrollo según plan | N12: Por actualizar | O12: 0
A13: R.12 | B13: Registro de estrategias de intervención | C13: Funcional | D13: Docente / Profesional | E13: I4 | F13: 9 | G13: 10 | H13: Observación > Estrategia | I13: Agregar estrategia; Guardar; Editar | J13: POST /observaciones/:id/estrategias | K13: estrategia, intervencion | L13: Asociar estrategia a una observación indicando qué se aplicó y durante cuánto tiempo. | M13: =IF(Config!$B$2<F13,"Pendiente",IF(Config!$B$2>G13,"Debería estar terminado","En desarrollo según plan")) -> Pendiente | N13: Por actualizar | O13: 0
... A21: R.20 | B21: Generación de informes | C21: Funcional | D21: Docente / Profesional | E21: I7 | F21: 13 | G21: 14 | H21: Estudiante > Informes | I21: Seleccionar periodo; Generar; Descargar/Visualizar | J21: POST /estudiantes/:id/informes; GET /estudiantes/:id/informes | K21: informe, vistas analíticas | L21: Generar informe de seguimiento con indicadores y antecedentes del periodo. | M21: =IF(Config!$B$2<F21,"Pendiente",IF(Config!$B$2>G21,"Debería estar terminado","En desarrollo según plan")) -> Pendiente | N21: Por actualizar | O21: 0

Sheet Gantt detallado
A1: ID | B1: Iteración | C1: Módulo | D1: Tarea / subactividad | E1: Inicio | F1: Fin | G1: Responsable | H1: Entregable | I1: S1 | J1: S2 | K1: S3 | L1: S4 | M1: S5 | N1: S6 | O1: S7 | P1: S8 | Q1: S9 | R1: S10 | S1: S11 | T1: S12 | U1: S13 | V1: S14 | W1: S15 | X1: S16 | Y1: Estado avance | Z1: % avance real
A2: T01 | B2: I0 | C2: Planificación | D2: Definir alcance, MVP y exclusiones | E2: 1 | F2: 2 | G2: Equipo | H2: Documento de alcance aprobado | I2: =IF(AND(1>=$E2,1<=$F2),"●","") -> ● | J2: =IF(AND(2>=$E2,2<=$F2),"●","") -> ● | K2: =IF(AND(3>=$E2,3<=$F2),"●","") | L2: =IF(AND(4>=$E2,4<=$F2),"●","") | M2: =IF(AND(5>=$E2,5<=$F2),"●","") | N2: =IF(AND(6>=$E2,6<=$F2),"●","") | O2: =IF(AND(7>=$E2,7<=$F2),"●","") | P2: =IF(AND(8>=$E2,8<=$F2),"●","") | Q2: =IF(AND(9>=$E2,9<=$F2),"●","") | R2: =IF(AND(10>=$E2,10<=$F2),"●","") | S2: =IF(AND(11>=$E2,11<=$F2),"●","") | T2: =IF(AND(12>=$E2,12<=$F2),"●","") | U2: =IF(AND(13>=$E2,13<=$F2),"●","") | V2: =IF(AND(14>=$E2,14<=$F2),"●","") | W2: =IF(AND(15>=$E2,15<=$F2),"●","") | X2: =IF(AND(16>=$E2,16<=$F2),"●","") | Y2: =IF($Z2>=1,"Completado",IF(AND($Z2<1,Config!$B$2>$F2),"Atrasado",IF($Z2>0,"En proceso",IF(Config!$B$2<$E2,"No iniciado","En proceso")))) -> Completado | Z2: 1
A3: T02 | B3: I0 | C3: Requerimientos | D3: Levantar y clasificar RF/RNF | E3: 2 | F3: 3 | G3: Equipo | H3: Matriz de requerimientos | I3: =IF(AND(1>=$E3,1<=$F3),"●","") | J3: =IF(AND(2>=$E3,2<=$F3),"●","") -> ● | K3: =IF(AND(3>=$E3,3<=$F3),"●","") -> ● | L3: =IF(AND(4>=$E3,4<=$F3),"●","") | M3: =IF(AND(5>=$E3,5<=$F3),"●","") | N3: =IF(AND(6>=$E3,6<=$F3),"●","") | O3: =IF(AND(7>=$E3,7<=$F3),"●","") | P3: =IF(AND(8>=$E3,8<=$F3),"●","") | Q3: =IF(AND(9>=$E3,9<=$F3),"●","") | R3: =IF(AND(10>=$E3,10<=$F3),"●","") | S3: =IF(AND(11>=$E3,11<=$F3),"●","") | T3: =IF(AND(12>=$E3,12<=$F3),"●","") | U3: =IF(AND(13>=$E3,13<=$F3),"●","") | V3: =IF(AND(14>=$E3,14<=$F3),"●","") | W3: =IF(AND(15>=$E3,15<=$F3),"●","") | X3: =IF(AND(16>=$E3,16<=$F3),"●","") | Y3: =IF($Z3>=1,"Completado",IF(AND($Z3<1,Config!$B$2>$F3),"Atrasado",IF($Z3>0,"En proceso",IF(Config!$B$2<$E3,"No iniciado","En proceso")))) -> Completado | Z3: 1
A4: T03 | B4: I0 | C4: Casos de uso | D4: Diseñar actores y casos de uso | E4: 3 | F4: 4 | G4: Gloria / Jorge | H4: Diagrama y especificaciones | I4: =IF(AND(1>=$E4,1<=$F4),"●","") | J4: =IF(AND(2>=$E4,2<=$F4),"●","") | K4: =IF(AND(3>=$E4,3<=$F4),"●","") -> ● | L4: =IF(AND(4>=$E4,4<=$F4),"●","") -> ● | M4: =IF(AND(5>=$E4,5<=$F4),"●","") | N4: =IF(AND(6>=$E4,6<=$F4),"●","") | O4: =IF(AND(7>=$E4,7<=$F4),"●","") | P4: =IF(AND(8>=$E4,8<=$F4),"●","") | Q4: =IF(AND(9>=$E4,9<=$F4),"●","") | R4: =IF(AND(10>=$E4,10<=$F4),"●","") | S4: =IF(AND(11>=$E4,11<=$F4),"●","") | T4: =IF(AND(12>=$E4,12<=$F4),"●","") | U4: =IF(AND(13>=$E4,13<=$F4),"●","") | V4: =IF(AND(14>=$E4,14<=$F4),"●","") | W4: =IF(AND(15>=$E4,15<=$F4),"●","") | X4: =IF(AND(16>=$E4,16<=$F4),"●","") | Y4: =IF($Z4>=1,"Completado",IF(AND($Z4<1,Config!$B$2>$F4),"Atrasado",IF($Z4>0,"En proceso",IF(Config!$B$2<$E4,"No iniciado","En proceso")))) -> Completado | Z4: 1
A5: T04 | B5: I0 | C5: Arquitectura | D5: Diseñar arquitectura lógica y tecnológica | E5: 4 | F5: 5 | G5: Gloria / Daniel | H5: Diagrama arquitectura | I5: =IF(AND(1>=$E5,1<=$F5),"●","") | J5: =IF(AND(2>=$E5,2<=$F5),"●","") | K5: =IF(AND(3>=$E5,3<=$F5),"●","") | L5: =IF(AND(4>=$E5,4<=$F5),"●","") -> ● | M5: =IF(AND(5>=$E5,5<=$F5),"●","") -> ● | N5: =IF(AND(6>=$E5,6<=$F5),"●","") | O5: =IF(AND(7>=$E5,7<=$F5),"●","") | P5: =IF(AND(8>=$E5,8<=$F5),"●","") | Q5: =IF(AND(9>=$E5,9<=$F5),"●","") | R5: =IF(AND(10>=$E5,10<=$F5),"●","") | S5: =IF(AND(11>=$E5,11<=$F5),"●","") | T5: =IF(AND(12>=$E5,12<=$F5),"●","") | U5: =IF(AND(13>=$E5,13<=$F5),"●","") | V5: =IF(AND(14>=$E5,14<=$F5),"●","") | W5: =IF(AND(15>=$E5,15<=$F5),"●","") | X5: =IF(AND(16>=$E5,16<=$F5),"●","") | Y5: =IF($Z5>=1,"Completado",IF(AND($Z5<1,Config!$B$2>$F5),"Atrasado",IF($Z5>0,"En proceso",IF(Config!$B$2<$E5,"No iniciado","En proceso")))) -> Completado | Z5: 1
A6: T05 | B6: I0 | C6: Datos | D6: Diseñar modelo ER y normalización inicial | E6: 4 | F6: 5 | G6: Daniel | H6: MER inicial | I6: =IF(AND(1>=$E6,1<=$F6),"●","") | J6: =IF(AND(2>=$E6,2<=$F6),"●","") | K6: =IF(AND(3>=$E6,3<=$F6),"●","") | L6: =IF(AND(4>=$E6,4<=$F6),"●","") -> ● | M6: =IF(AND(5>=$E6,5<=$F6),"●","") -> ● | N6: =IF(AND(6>=$E6,6<=$F6),"●","") | O6: =IF(AND(7>=$E6,7<=$F6),"●","") | P6: =IF(AND(8>=$E6,8<=$F6),"●","") | Q6: =IF(AND(9>=$E6,9<=$F6),"●","") | R6: =IF(AND(10>=$E6,10<=$F6),"●","") | S6: =IF(AND(11>=$E6,11<=$F6),"●","") | T6: =IF(AND(12>=$E6,12<=$F6),"●","") | U6: =IF(AND(13>=$E6,13<=$F6),"●","") | V6: =IF(AND(14>=$E6,14<=$F6),"●","") | W6: =IF(AND(15>=$E6,15<=$F6),"●","") | X6: =IF(AND(16>=$E6,16<=$F6),"●","") | Y6: =IF($Z6>=1,"Completado",IF(AND($Z6<1,Config!$B$2>$F6),"Atrasado",IF($Z6>0,"En proceso",IF(Config!$B$2<$E6,"No iniciado","En proceso")))) -> Completado | Z6: 1
A7: T06 | B7: I0 | C7: UX/UI | D7: Diseñar navegación y prototipos principales | E7: 5 | F7: 6 | G7: Jorge / Gloria | H7: Prototipos login/home/módulos | I7: =IF(AND(1>=$E7,1<=$F7),"●","") | J7: =IF(AND(2>=$E7,2<=$F7),"●","") | K7: =IF(AND(3>=$E7,3<=$F7),"●","") | L7: =IF(AND(4>=$E7,4<=$F7),"●","") | M7: =IF(AND(5>=$E7,5<=$F7),"●","") -> ● | N7: =IF(AND(6>=$E7,6<=$F7),"●","") -> ● | O7: =IF(AND(7>=$E7,7<=$F7),"●","") | P7: =IF(AND(8>=$E7,8<=$F7),"●","") | Q7: =IF(AND(9>=$E7,9<=$F7),"●","") | R7: =IF(AND(10>=$E7,10<=$F7),"●","") | S7: =IF(AND(11>=$E7,11<=$F7),"●","") | T7: =IF(AND(12>=$E7,12<=$F7),"●","") | U7: =IF(AND(13>=$E7,13<=$F7),"●","") | V7: =IF(AND(14>=$E7,14<=$F7),"●","") | W7: =IF(AND(15>=$E7,15<=$F7),"●","") | X7: =IF(AND(16>=$E7,16<=$F7),"●","") | Y7: =IF($Z7>=1,"Completado",IF(AND($Z7<1,Config!$B$2>$F7),"Atrasado",IF($Z7>0,"En proceso",IF(Config!$B$2<$E7,"No iniciado","En proceso")))) -> Completado | Z7: 1
A8: T07 | B8: I1 | C8: Infraestructura | D8: Crear repositorio y estructura de proyectos | E8: 6 | F8: 6 | G8: Daniel / Jorge | H8: Repositorios y ramas | I8: =IF(AND(1>=$E8,1<=$F8),"●","") | J8: =IF(AND(2>=$E8,2<=$F8),"●","") | K8: =IF(AND(3>=$E8,3<=$F8),"●","") | L8: =IF(AND(4>=$E8,4<=$F8),"●","") | M8: =IF(AND(5>=$E8,5<=$F8),"●","") | N8: =IF(AND(6>=$E8,6<=$F8),"●","") -> ● | O8: =IF(AND(7>=$E8,7<=$F8),"●","") | P8: =IF(AND(8>=$E8,8<=$F8),"●","") | Q8: =IF(AND(9>=$E8,9<=$F8),"●","") | R8: =IF(AND(10>=$E8,10<=$F8),"●","") | S8: =IF(AND(11>=$E8,11<=$F8),"●","") | T8: =IF(AND(12>=$E8,12<=$F8),"●","") | U8: =IF(AND(13>=$E8,13<=$F8),"●","") | V8: =IF(AND(14>=$E8,14<=$F8),"●","") | W8: =IF(AND(15>=$E8,15<=$F8),"●","") | X8: =IF(AND(16>=$E8,16<=$F8),"●","") | Y8: =IF($Z8>=1,"Completado",IF(AND($Z8<1,Config!$B$2>$F8),"Atrasado",IF($Z8>0,"En proceso",IF(Config!$B$2<$E8,"No iniciado","En proceso")))) -> Completado | Z8: 1
A9: T08 | B9: I1 | C9: Base de datos | D9: Instalar/configurar PostgreSQL y esquema base | E9: 6 | F9: 6 | G9: Daniel | H9: BD operativa | I9: =IF(AND(1>=$E9,1<=$F9),"●","") | J9: =IF(AND(2>=$E9,2<=$F9),"●","") | K9: =IF(AND(3>=$E9,3<=$F9),"●","") | L9: =IF(AND(4>=$E9,4<=$F9),"●","") | M9: =IF(AND(5>=$E9,5<=$F9),"●","") | N9: =IF(AND(6>=$E9,6<=$F9),"●","") -> ● | O9: =IF(AND(7>=$E9,7<=$F9),"●","") | P9: =IF(AND(8>=$E9,8<=$F9),"●","") | Q9: =IF(AND(9>=$E9,9<=$F9),"●","") | R9: =IF(AND(10>=$E9,10<=$F9),"●","") | S9: =IF(AND(11>=$E9,11<=$F9),"●","") | T9: =IF(AND(12>=$E9,12<=$F9),"●","") | U9: =IF(AND(13>=$E9,13<=$F9),"●","") | V9: =IF(AND(14>=$E9,14<=$F9),"●","") | W9: =IF(AND(15>=$E9,15<=$F9),"●","") | X9: =IF(AND(16>=$E9,16<=$F9),"●","") | Y9: =IF($Z9>=1,"Completado",IF(AND($Z9<1,Config!$B$2>$F9),"Atrasado",IF($Z9>0,"En proceso",IF(Config!$B$2<$E9,"No iniciado","En proceso")))) -> Completado | Z9: 1
A10: T09 | B10: I1 | C10: Base de datos | D10: Crear tablas usuario, rol y relación usuario_rol | E10: 6 | F10: 6 | G10: Daniel | H10: DDL ejecutable | I10: =IF(AND(1>=$E10,1<=$F10),"●","") | J10: =IF(AND(2>=$E10,2<=$F10),"●","") | K10: =IF(AND(3>=$E10,3<=$F10),"●","") | L10: =IF(AND(4>=$E10,4<=$F10),"●","") | M10: =IF(AND(5>=$E10,5<=$F10),"●","") | N10: =IF(AND(6>=$E10,6<=$F10),"●","") -> ● | O10: =IF(AND(7>=$E10,7<=$F10),"●","") | P10: =IF(AND(8>=$E10,8<=$F10),"●","") | Q10: =IF(AND(9>=$E10,9<=$F10),"●","") | R10: =IF(AND(10>=$E10,10<=$F10),"●","") | S10: =IF(AND(11>=$E10,11<=$F10),"●","") | T10: =IF(AND(12>=$E10,12<=$F10),"●","") | U10: =IF(AND(13>=$E10,13<=$F10),"●","") | V10: =IF(AND(14>=$E10,14<=$F10),"●","") | W10: =IF(AND(15>=$E10,15<=$F10),"●","") | X10: =IF(AND(16>=$E10,16<=$F10),"●","") | Y10: =IF($Z10>=1,"Completado",IF(AND($Z10<1,Config!$B$2>$F10),"Atrasado",IF($Z10>0,"En proceso",IF(Config!$B$2<$E10,"No iniciado","En proceso")))) -> Completado | Z10: 1
A11: T10 | B11: I1 | C11: Backend | D11: Crear estructura Node.js/Express y conexión PostgreSQL | E11: 6 | F11: 6 | G11: Daniel | H11: API levanta y conecta BD | I11: =IF(AND(1>=$E11,1<=$F11),"●","") | J11: =IF(AND(2>=$E11,2<=$F11),"●","") | K11: =IF(AND(3>=$E11,3<=$F11),"●","") | L11: =IF(AND(4>=$E11,4<=$F11),"●","") | M11: =IF(AND(5>=$E11,5<=$F11),"●","") | N11: =IF(AND(6>=$E11,6<=$F11),"●","") -> ● | O11: =IF(AND(7>=$E11,7<=$F11),"●","") | P11: =IF(AND(8>=$E11,8<=$F11),"●","") | Q11: =IF(AND(9>=$E11,9<=$F11),"●","") | R11: =IF(AND(10>=$E11,10<=$F11),"●","") | S11: =IF(AND(11>=$E11,11<=$F11),"●","") | T11: =IF(AND(12>=$E11,12<=$F11),"●","") | U11: =IF(AND(13>=$E11,13<=$F11),"●","") | V11: =IF(AND(14>=$E11,14<=$F11),"●","") | W11: =IF(AND(15>=$E11,15<=$F11),"●","") | X11: =IF(AND(16>=$E11,16<=$F11),"●","") | Y11: =IF($Z11>=1,"Completado",IF(AND($Z11<1,Config!$B$2>$F11),"Atrasado",IF($Z11>0,"En proceso",IF(Config!$B$2<$E11,"No iniciado","En proceso")))) -> Completado | Z11: 1
A12: T11 | B12: I1 | C12: Autenticación | D12: Implementar login y emisión/validación de token | E12: 6 | F12: 7 | G12: Daniel | H12: POST /auth/login | I12: =IF(AND(1>=$E12,1<=$F12),"●","") | J12: =IF(AND(2>=$E12,2<=$F12),"●","") | K12: =IF(AND(3>=$E12,3<=$F12),"●","") | L12: =IF(AND(4>=$E12,4<=$F12),"●","") | M12: =IF(AND(5>=$E12,5<=$F12),"●","") | N12: =IF(AND(6>=$E12,6<=$F12),"●","") -> ● | O12: =IF(AND(7>=$E12,7<=$F12),"●","") -> ● | P12: =IF(AND(8>=$E12,8<=$F12),"●","") | Q12: =IF(AND(9>=$E12,9<=$F12),"●","") | R12: =IF(AND(10>=$E12,10<=$F12),"●","") | S12: =IF(AND(11>=$E12,11<=$F12),"●","") | T12: =IF(AND(12>=$E12,12<=$F12),"●","") | U12: =IF(AND(13>=$E12,13<=$F12),"●","") | V12: =IF(AND(14>=$E12,14<=$F12),"●","") | W12: =IF(AND(15>=$E12,15<=$F12),"●","") | X12: =IF(AND(16>=$E12,16<=$F12),"●","") | Y12: =IF($Z12>=1,"Completado",IF(AND($Z12<1,Config!$B$2>$F12),"Atrasado",IF($Z12>0,"En proceso",IF(Config!$B$2<$E12,"No iniciado","En proceso")))) -> Completado | Z12: 1
A13: T12 | B13: I1 | C13: Frontend | D13: Construir vista Login y validaciones | E13: 6 | F13: 7 | G13: Jorge | H13: Pantalla login funcional | I13: =IF(AND(1>=$E13,1<=$F13),"●","") | J13: =IF(AND(2>=$E13,2<=$F13),"●","") | K13: =IF(AND(3>=$E13,3<=$F13),"●","") | L13: =IF(AND(4>=$E13,4<=$F13),"●","") | M13: =IF(AND(5>=$E13,5<=$F13),"●","") | N13: =IF(AND(6>=$E13,6<=$F13),"●","") -> ● | O13: =IF(AND(7>=$E13,7<=$F13),"●","") -> ● | P13: =IF(AND(8>=$E13,8<=$F13),"●","") | Q13: =IF(AND(9>=$E13,9<=$F13),"●","") | R13: =IF(AND(10>=$E13,10<=$F13),"●","") | S13: =IF(AND(11>=$E13,11<=$F13),"●","") | T13: =IF(AND(12>=$E13,12<=$F13),"●","") | U13: =IF(AND(13>=$E13,13<=$F13),"●","") | V13: =IF(AND(14>=$E13,14<=$F13),"●","") | W13: =IF(AND(15>=$E13,15<=$F13),"●","") | X13: =IF(AND(16>=$E13,16<=$F13),"●","") | Y13: =IF($Z13>=1,"Completado",IF(AND($Z13<1,Config!$B$2>$F13),"Atrasado",IF($Z13>0,"En proceso",IF(Config!$B$2<$E13,"No iniciado","En proceso")))) -> Completado | Z13: 1
... A49: T48 | B49: I9 | C49: Defensa | D49: Presentación y defensa TEAprendo | E49: 16 | F49: 16 | G49: Equipo | H49: Defensa final | I49: =IF(AND(1>=$E49,1<=$F49),"●","") | J49: =IF(AND(2>=$E49,2<=$F49),"●","") | K49: =IF(AND(3>=$E49,3<=$F49),"●","") | L49: =IF(AND(4>=$E49,4<=$F49),"●","") | M49: =IF(AND(5>=$E49,5<=$F49),"●","") | N49: =IF(AND(6>=$E49,6<=$F49),"●","") | O49: =IF(AND(7>=$E49,7<=$F49),"●","") | P49: =IF(AND(8>=$E49,8<=$F49),"●","") | Q49: =IF(AND(9>=$E49,9<=$F49),"●","") | R49: =IF(AND(10>=$E49,10<=$F49),"●","") | S49: =IF(AND(11>=$E49,11<=$F49),"●","") | T49: =IF(AND(12>=$E49,12<=$F49),"●","") | U49: =IF(AND(13>=$E49,13<=$F49),"●","") | V49: =IF(AND(14>=$E49,14<=$F49),"●","") | W49: =IF(AND(15>=$E49,15<=$F49),"●","") | X49: =IF(AND(16>=$E49,16<=$F49),"●","") -> ● | Y49: =IF($Z49>=1,"Completado",IF(AND($Z49<1,Config!$B$2>$F49),"Atrasado",IF($Z49>0,"En proceso",IF(Config!$B$2<$E49,"No iniciado","En proceso")))) -> No iniciado | Z49: 0
A51: Leyenda de avance
A52: ● | B52: Completado (100%)
A53: ● | B53: Avance alto (75%–99%)
A54: ● | B54: En proceso (25%–74%)
A55: ● | B55: Inicio / avance bajo (1%–24%)
A56: ● | B56: Atrasado / vencido

Sheet Config
A1: Parametro | B1: Valor
A2: Semana actual | B2: 8
A3: Proyecto | B3: TEAprendo
